School,Subject,Courses
Riverside High,English,AP English Language
Riverside High,English,AP English Literature
Riverside High,World Languages,AP Spanish Language and Culture
Riverside High,World Languages,AP Spanish Literature and Culture
Riverside High,World Languages,AP Latin
Riverside High,World Languages,AP French Language and Culture
Riverside High,Math,AP Statistics
Riverside High,Math,AP Calculus AB
Riverside High,Math,AP Calculus BC
Riverside High,Science,AP Biology
Riverside High,Science,AP Chemistry
Riverside High,Science,AP Environmental Science
Riverside High,Science,AP Physics I
Riverside High,Science,AP Physics II
Riverside High,Science,AP Physics C: Mechanics
Riverside High,Social,AP Psychology
Riverside High,Social,AP U.S. Government and Politics
Riverside High,Social,AP U.S. History
Riverside High,Social,AP European History
Riverside High,Social,AP Human Geography
Riverside High,Social,AP Macroeconomics
Riverside High,Social,AP Microeconomics
Riverside High,Social,AP Comparative Government and Politics
Riverside High,Social,AP World History
Riverside High,Music and Arts,AP Music Theory
Riverside High,Music and Arts,AP Studio Art: 2-D Design
Riverside High,Music and Arts,AP Studio Art: Drawing
Riverside High,Engineering,AP Computer Science A
Riverside High,Engineering,AP Computer Science Principles
Riverside High,Engineering,AP Physics C: Electricity and Magnetism
Riverside High,Engineering,AP Physics C: Mechanics
,,
Northern High,English,AP English Language
Northern High,English,AP English Literature
Northern High,Math,AP Calculus AB
Northern High,Math,AP Calculus BC
Northern High,Math,AP Statistics
Northern High,Science,AP Biology
Northern High,Science,AP Environmental Science
Northern High,Social Sciences,AP U.S. Government and Politics
Northern High,Social Sciences,AP U.S. History
Northern High,Social Sciences,AP Human Geography
Northern High,Social Sciences,AP Psychology
Northern High,Music and Arts,AP Studio Art: 2-D Design
,,
Durham School of Technology,English,AP English Language
Durham School of Technology,English,AP English Literature
Durham School of Technology,Math,AP Calculus AB
Durham School of Technology,Science,AP Environmental Science
Durham School of Technology,Social Science,AP U.S. Government and Politics
Durham School of Technology,Engineering,AP Computer Science A
,,
Hillside High,English,AP Language and Composition
Hillside High,English,AP Literature and Composition
Hillside High,Math,AP Calculus AB
Hillside High,Math,AP Statistics
Hillside High,Science,AP Environmental Science
Hillside High,Science,AP Physics I
Hillside High,Science,AP Physics II
Hillside High,Science,AP Biology
Hillside High,Science,AP Physics C: Mechanics
Hillside High,Science,AP Physics C: Electricity and Magnetism
Hillside High,Science,AP Chemistry
Hillside High,Social,AP European History
Hillside High,Social,AP Human Geography
Hillside High,Social,AP U.S. Government and Politics
Hillside High,Social,AP U.S. History
Hillside High,Social,AP Comparative Government and Politics
Hillside High,World Languages,AP Spanish Language and Culture
Hillside High,World Languages,AP Spanish Literature and Culture
Hillside High,Music and Arts,AP Music Theory
Hillside High,Music and Arts,AP Studio Art: 2-D Design
Hillside High,Music and Arts,AP Studio Art: Drawing
Hillside High,Engineering,AP Computer Science A
Hillside High,Engineering,AP Computer Science Principles
Hillside High,Engineering,AP Physics C: Electricity and Magnetism
Hillside High,Engineering,AP Physics C: Mechanics
,,
,,
City of Medicine Academy,English,AP English Language
City of Medicine Academy,English,AP English Literature
City of Medicine Academy,Science,AP Biology
City of Medicine Academy,Science,AP Environmental Science
City of Medicine Academy,Social Sciences,AP Psychology
City of Medicine Academy,Social Sciences,AP U.S. Government and Politics
,,
,,
Southern School of Energy and Sustainabilty,English,AP English Language
Southern School of Energy and Sustainabilty,English,AP English Literature
Southern School of Energy and Sustainabilty,Math,AP Calculus AB
Southern School of Energy and Sustainabilty,Math,AP Statistics
Southern School of Energy and Sustainabilty,Science,AP Biology
Southern School of Energy and Sustainabilty,Science,AP Chemistry
Southern School of Energy and Sustainabilty,Science,AP Environmental Science
Southern School of Energy and Sustainabilty,Social Sciences,AP U.S. Government and Politics
Southern School of Energy and Sustainabilty,Social Sciences,AP U.S. History
Southern School of Energy and Sustainabilty,Social Sciences,AP Human Geography
Southern School of Energy and Sustainabilty,Social Sciences,AP Psychology
Southern School of Energy and Sustainabilty,World Language,AP Spanish Language and Culture
Southern School of Energy and Sustainabilty,World Language,AP Spanish Literature and Culture
Southern School of Energy and Sustainabilty,Engineering,AP Computer Science Principles
,,
,,
,,
Jordan High,English,AP English Language
Jordan High,English,AP English Literature
Jordan High,World Languages,AP Spanish Language and Culture
Jordan High,World Languages,AP Spanish Literature and Culture
Jordan High,World Languages,AP Latin
Jordan High,World Languages,AP French Language and Culture
Jordan High,Math,AP Statistics
Jordan High,Math,AP Calculus AB
Jordan High,Math,AP Calculus BC
Jordan High,Science,AP Biology
Jordan High,Science,AP Chemistry
Jordan High,Science,AP Environmental Science
Jordan High,Science,AP Physics I
Jordan High,Science,AP Physics II
Jordan High,Science,AP Physics C: Mechanics
Jordan High,Social,AP Psychology
Jordan High,Social,AP U.S. Government and Politics
Jordan High,Social,AP U.S. History
Jordan High,Social,AP European History
Jordan High,Social,AP Human Geography
Jordan High,Social,AP Macroeconomics
Jordan High,Social,AP Microeconomics
Jordan High,Social,AP Comparative Government and Politics
Jordan High,Social,AP World History
Jordan High,Music and Arts,AP Music Theory
Jordan High,Music and Arts,AP Studio Art: 2-D Design
Jordan High,Music and Arts,AP Studio Art: Drawing
Jordan High,Music and Arts,AP Studio Art: 3-D Design
Jordan High,Music and Arts,AP Art History